Name,ID
Accordion,0mkg
Action,02kdv5l
Adaptation,03r_vp
Adventure,0g65_
Advertising,011s0
Africa,0dg3n1
Airplane,0rfgh6w
Airport,09cjl
alligator,02g2w1
Amaranth,0qqk
American Football,0jm_
Amsterdam,0k3p
Animation,0hcr
ant,0_k2
Antarctica,0jfx
Appellation,01khjf
April,0lkm
Aquarius,0jxf
Archaeology,0h61
Architect,0mn6
Aries,0jwy
Armenia,0jgx
Artichoke,047v4b
Asia,0j0k
Asparagus,0cjs7
Audio Engineer,02tx6q
August,0ll3
Australia,0chghy
Australia,09pkq0
Austria,0h7x
Author,0kyk
Automobile,0k4j
Back,09jc2n
Badminton,0194d
Bank,017ql
Baseball,018jz
Basketball,018w8
bear,01dws
bee,01h3n
Beer,01599
Beet,01cbb3
Belt,0176mf
Berlin,0156q
Bicycle,0199g
Biotechnology,01ftz
bird,015p6
Birdwatching,017dv8
Blues,0155w
Boat,019jd
Boot,01b638
Boxing,01cgz
Brazil,015fr
breakfast,02qhwc4
Brewery,0159gt
Bridge,06zdj
Broccoli,0hkxq
Bulgaria,015qh
bull,0cnyhnx
Bus,01bjv
Cabbage,0fbw6
Cairo,01w2v
camel,01x_v
Canada,0d060g
Cancer,0qck6
Cap,02d46y
Capricornus,01nk9
Carrot,0fj52s
cat,01yrx
Cauliflower,015w7p
CDROM,01zzs
Celery,01xj_
Chard,02nm6c
check,04nmy9
Cheek,037p5b
Cheese,01nkt
Chef,01pn0r
Chemist,01pxg
Chest,0dzdr
chicken,09b5t
Chile,01p1v
Chin,0f9swq
China,0d05w3
Classical,0ggq0m
Click,020lf
Cloud,02y_9m3
Coat,01xygc
coffee,02vqfm
Collards,02nm75
College,02p0qmm
Comedy,05p553
Command,01fk53
Composer,01c72t
Contents,01pt37
Cook,04y7pl
Cooking,01mtb
Copy,014n4m
Corn,053wn
Country,01lyv
Court,0k05r
cow,01xq0k1
Cuba,0d04z6
Cucumber,015x4r
Cuisine,01ykh
cup,08gqpm
Cycling,01sgl
Dakar,0c1xm
Dance,0ggx5q
Database,02bc6
December,028kb
Dedicatee,04jr8nr
Dedication,05jpg7
Dedicator,04jr8nz
Delete,05pj5d
Dentist,02h661t
dessert,03m7wd
Diet,02zkwn
Digital,029kh
dinner,08n3ym
Dish,02q08p0
Distillation,029r1
Documentary,0jtdp
Doorman,03cbm1_
Drama,07s9rl0
Dress,01d40f
drill,01d380
drink,06qrr
Drink,0271t
Drums,02hnl
duck,09ddx
Ear,039xj_
Earth,02j71
East,0gkhl
Eggplant,0cdk2
Electronic,02lkt
Electronic Mail,02nf_
elephant,0bwd_0j
Endive,022p79
Enrope,02j9z
Excerpt,02k6s1f
Eye,014sv8
Eyebrow,027n3_
Facebook,02y1vz
Fantasy,01hmnh
February,02xx5
Fennel,017dqv
Ferry,0ddnl
File,020s1
Financial Services,02h400t
Finger,09cx8
Florence,031y2
Flute,0l14j_
Folk,02w4v
Font,045hfw
Food,02wbm
Foot,031n1
Football,02vx4
Forehead,025kyy
fork,0dt3t
Friday,0f7z4
Funk,02x8m
Gambling,034dj
Gardening,034v_
Garlic,0dbrl
Gemini,077r8d
Germany,0345h
Glove,0174n1
Golf,037hz
Gourd,03lp1_
Graphic,01xfp
Greenland,035v3
Guitar,0342h
Gym,016yx7
Gymnastics,0397w
Hair,03q69
hamburger,0cdn1
hammer,03l9g
Hand,0k65p
Hardware,01mfj
Head,04hgtk
Heavy Metal,03lty
Helicopter,09ct_
Hiking,012v4j
Hip hop,0glt670
Horn,0319l
Horror,03npn
horse,03k3r
Hospital,0hpnr
Hospitality,06mbny
Hovercraft,013xl3
Hungary,03gj2
Ice Hockey,03tmr
Icon,01zrkr
Illustrator,020xn5
Ingredient,07xgrh
Input,03rsh
Interactive,02_0t4
Internet,03rlt
Interview,01jdpf
Interviewee,02k6s39
Interviewer,02k6s33
Iran,03shp
Ireland,012wgb
Jacket,032b3c
Jamaica,03_r3
January,03_ly
Japan,03_3d
Jazz,03_d0
Jeans,0fly7
Jerusalem,0430_
Judo,03_8r
Juggling,09nyy
July,040fv
June,040fb
Jupiter,09q84
Kale,02r5_b
Kenya,019rg5
Keyboard,01m2v
knife,075pvc
Kohlrabi,04bk6
Kuka,0666h8
Latvia,04g5k
Lawyer,04gc2
Leek,013__5
Leg,09w5r
Leo,04h2q
Lettuce,0fqlj
Libra,04h36
Lip,06pj2k
Marathon,0d38m
March,04wzr
Market,09y4pm
Mars,09cws
Martial Arts,04xsv
May,04w_7
Mecury,09cy8
menu,024gjb
Mining,053rd
Minivan,057gn
Model,0d1pc
Monday,0f6kx
Mongolia,04w8f
monkey,08pbxl
Motherboard,0508p
Motorcycle,04_sv
Mouth,0283dt1
Museum,09cmq
Musical,04t36
Musician,09jwl
napkin,026lrs
Neck,0dzd8
Necktie,01rkbr
Neptune,0c31h
New York City,02_286
North,0fm3w
North America,059g4
Nose,0k0pj
November,05cw8
Nutrient,0hk_v
October,05lf_
Okra,025s18p
Onion,0dj75
Organ,013y1f
Pajama,0142wf
Paris,05qtj
Park,0166ls
Parsnip,01xfpd
Pea,0g5s7
Peanut,0fg0m
Pediatrist,05wgy
Photography,05wkw
Physician,05t4q
Piano,05r5c
Pisces,05s7n
plane,02bbbj
pliers,0cqs9q
Poland,05qhw
Police Officer,01t2ln
Police Station,03nybl
Pop,064t9
Potato,05vtc
Pottery,064rk
Profesional Golfer,07npwc
Programmer,05xls
Publication,01h1dd
Publishing,0hz28
Pumpkin,05zsy
Punk Rock,05r6t
Quotation,069dd
Radish,015x5n
Raincoat,01v229
Real Estate,023907r
Recipe,0p57p
Reggae,06cqb
Restaurant,06l8d
Retail,0191_7
Review,02mz1d
Rhubarb,0fl3p
Rio de Janeiro,06gmr
Roads,06gfj
Rock,06by7
Romance,02l7c8
Running,06h7j
Sagittarius,06pgg
salad,01_9v
Salad Rocket,0mz_c
salt,04kn7t
Saturday,0f7yn
Saturn,0c3s8
saw,05b_nc
Scarf,02h19r
School,06zdj
Science Fiction,06n90
scissors,01lsmm
Scorpio,06pgz
Scotland,06q1r
screwdriver,03g3z_
Seoul,0hsqf
September,06vkl
sheep,07bgp
Ship,06q74
Shirt,01n4qj
Shoe,06rrc
Skirt,02wv6h6
Slipper,0216vm
Snack food,01ww8y
Sock,01nq26
Software,01mf0
Soldier,099md
South,0k7ny
South America,06n3y
Spacecraft,09g5h
Spain,06mkj
Spinach,016rh7
spoon,0cmx8
Stadium,019cfy
Stocking,01767_
Submarine,074d1
Subway,01pz3b
Suit,01xyhv
Sun,06m_p
Sunday,0f6ld
Sweater,019b80
Sweden,0d0vqn
Swimming,06z6r
Table tennis,07jbh
Taurus,07cqw
Taxi,0pg52
Black tea,02859d
Tea,07clx
Teacher,01d30f
Telecommunications,029g_vk
Tennis,07bs0
The Hague,07g0_
Thriller,01jfsb
Throat,0mhy4
Thursday,0f7zn
Toe,01d_ff
Tongue,0fjkt
Tooth,0hz0h
Tower,01fdzj
Track and field,0bynt
Train,07jdr
Tram,07kfm
Translation,07h26
Translator,0bsgs4
Transportation,07bsy
Trolleybus,0f6pl
Trousers,07mhn
Truck,07r04
Truck Driver,05d2m7
T-shirt,013s93
Tuesday,0f7_n
Turkey,01znc_
Turnip,0cl46
Underpants,0cp1w6l
Undershirt,079f77
Uranus,0c3ss
USB,07wcf
Venus,09bcm
Veterinarian,01hbsc
Vietnam,01crd5
Vineyard,016btq
Virgo,07yt9
vise,07ln6l
Volleyball,07_53
Waist,031974
water,01c6xf
Watercress,02d9p2
Webcam,0mynm
Wednesday,0f7_4
West,0gkh2
Wheatgrass,05jsyz
Wine,081qc
wrench,01j5ks
Wrestling,036vg6
Yarrow,0jtc5
Yoga,087zy
